-- MySQL Script generated by MySQL Workbench
-- 02/21/17 17:07:01
-- Model: New Model    Version: 1.0
-- MySQL Workbench Forward Engineering

SET @OLD_UNIQUE_CHECKS=@@UNIQUE_CHECKS, UNIQUE_CHECKS=0;
SET @OLD_FOREIGN_KEY_CHECKS=@@FOREIGN_KEY_CHECKS, FOREIGN_KEY_CHECKS=0;
SET @OLD_SQL_MODE=@@SQL_MODE, SQL_MODE='TRADITIONAL,ALLOW_INVALID_DATES';

-- -----------------------------------------------------
-- Schema aq14e
-- -----------------------------------------------------
DROP SCHEMA IF EXISTS `aq14e` ;

-- -----------------------------------------------------
-- Schema aq14e
-- -----------------------------------------------------
CREATE SCHEMA IF NOT EXISTS `aq14e` DEFAULT CHARACTER SET utf8 ;
SHOW WARNINGS;
USE `aq14e` ;

-- -----------------------------------------------------
-- Table `aq14e`.`petstore`
-- -----------------------------------------------------
DROP TABLE IF EXISTS `aq14e`.`petstore` ;

SHOW WARNINGS;
CREATE TABLE IF NOT EXISTS `aq14e`.`petstore` (
  `pst_id` SMALLINT UNSIGNED NOT NULL AUTO_INCREMENT,
  `pst_name` VARCHAR(30) NOT NULL,
  `pst_street` VARCHAR(30) NOT NULL,
  `pst_city` VARCHAR(30) NOT NULL,
  `pst_state` CHAR(2) NOT NULL,
  `pst_zip` INT(9) UNSIGNED NOT NULL,
  `pst_phone` BIGINT UNSIGNED NOT NULL,
  `pst_email` VARCHAR(100) NOT NULL,
  `pst_url` VARCHAR(100) NOT NULL,
  `pst_ytd_sales` DECIMAL(10,2) NOT NULL,
  `pst_notes` VARCHAR(255) NULL,
  PRIMARY KEY (`pst_id`))
ENGINE = InnoDB;

SHOW WARNINGS;

-- -----------------------------------------------------
-- Table `aq14e`.`customer`
-- -----------------------------------------------------
DROP TABLE IF EXISTS `aq14e`.`customer` ;

SHOW WARNINGS;
CREATE TABLE IF NOT EXISTS `aq14e`.`customer` (
  `cus_id` SMALLINT UNSIGNED NOT NULL AUTO_INCREMENT,
  `cus_fname` VARCHAR(15) NOT NULL,
  `cus_lname` VARCHAR(30) NOT NULL,
  `cus_street` VARCHAR(30) NOT NULL,
  `cus_city` VARCHAR(30) NOT NULL,
  `cus_state` CHAR(2) NOT NULL,
  `cus_zip` INT UNSIGNED NOT NULL,
  `cus_phone` BIGINT UNSIGNED NOT NULL,
  `cus_email` VARCHAR(100) NOT NULL,
  `cus_balance` DECIMAL(6,2) NOT NULL,
  `cus_total_sales` DECIMAL(6,2) NOT NULL,
  `cus_notes` VARCHAR(255) NULL,
  PRIMARY KEY (`cus_id`))
ENGINE = InnoDB;

SHOW WARNINGS;

-- -----------------------------------------------------
-- Table `aq14e`.`pet`
-- -----------------------------------------------------
DROP TABLE IF EXISTS `aq14e`.`pet` ;

SHOW WARNINGS;
CREATE TABLE IF NOT EXISTS `aq14e`.`pet` (
  `pet_id` SMALLINT UNSIGNED NOT NULL AUTO_INCREMENT,
  `pst_id` SMALLINT UNSIGNED NOT NULL,
  `cus_id` SMALLINT UNSIGNED NULL,
  `pet_type` VARCHAR(45) NOT NULL,
  `pet_sex` ENUM('m', 'f') NOT NULL,
  `pet_cost` DECIMAL(6,2) UNSIGNED NOT NULL,
  `pet_price` DECIMAL(6,2) UNSIGNED NOT NULL,
  `pet_age` TINYINT UNSIGNED NOT NULL,
  `pet_color` VARCHAR(30) NOT NULL,
  `pet_sale_date` DATE NULL,
  `pet_vaccine` ENUM('y', 'n') NOT NULL,
  `pet_neuter` ENUM('y', 'n') NOT NULL,
  `pet_notes` VARCHAR(255) NULL,
  PRIMARY KEY (`pet_id`),
  INDEX `fk_pet_petstore_idx` (`pst_id` ASC),
  INDEX `fk_pet_customer1_idx` (`cus_id` ASC),
  CONSTRAINT `fk_pet_petstore`
    FOREIGN KEY (`pst_id`)
    REFERENCES `aq14e`.`petstore` (`pst_id`)
    ON DELETE CASCADE
    ON UPDATE CASCADE,
  CONSTRAINT `fk_pet_customer1`
    FOREIGN KEY (`cus_id`)
    REFERENCES `aq14e`.`customer` (`cus_id`)
    ON DELETE CASCADE
    ON UPDATE CASCADE)
ENGINE = InnoDB;

SHOW WARNINGS;

SET SQL_MODE=@OLD_SQL_MODE;
SET FOREIGN_KEY_CHECKS=@OLD_FOREIGN_KEY_CHECKS;
SET UNIQUE_CHECKS=@OLD_UNIQUE_CHECKS;

-- -----------------------------------------------------
-- Data for table `aq14e`.`petstore`
-- -----------------------------------------------------
START TRANSACTION;
USE `aq14e`;
INSERT INTO `aq14e`.`petstore` (`pst_id`, `pst_name`, `pst_street`, `pst_city`, `pst_state`, `pst_zip`, `pst_phone`, `pst_email`, `pst_url`, `pst_ytd_sales`, `pst_notes`) VALUES (1, 'Petco', '200 Elm Street', 'Tallahassee', 'FL', 23211, 6456331232, 'petco@gmail.com', 'www.petco.com', 23000.50, 'Major Company');
INSERT INTO `aq14e`.`petstore` (`pst_id`, `pst_name`, `pst_street`, `pst_city`, `pst_state`, `pst_zip`, `pst_phone`, `pst_email`, `pst_url`, `pst_ytd_sales`, `pst_notes`) VALUES (2, 'Petinc', '234 Oak Street', 'Perry', 'FL', 32422, 4342134576, 'Petperry@gmail.com', 'www.petperry.com', 12343.24, 'Smallest store');
INSERT INTO `aq14e`.`petstore` (`pst_id`, `pst_name`, `pst_street`, `pst_city`, `pst_state`, `pst_zip`, `pst_phone`, `pst_email`, `pst_url`, `pst_ytd_sales`, `pst_notes`) VALUES (3, 'Petty', '454 West Mian Street', 'Perry', 'FL', 43432, 3215674365, 'Petmain@yahoo.com', 'www.petmain.com', 64564.89, 'Main Store');
INSERT INTO `aq14e`.`petstore` (`pst_id`, `pst_name`, `pst_street`, `pst_city`, `pst_state`, `pst_zip`, `pst_phone`, `pst_email`, `pst_url`, `pst_ytd_sales`, `pst_notes`) VALUES (4, 'Petts', '452 East Main Street', 'Woodville', 'FL', 54334, 9875431265, 'peteast@gmail.com', 'www.peteast.com', 12343.80, 'East branch');
INSERT INTO `aq14e`.`petstore` (`pst_id`, `pst_name`, `pst_street`, `pst_city`, `pst_state`, `pst_zip`, `pst_phone`, `pst_email`, `pst_url`, `pst_ytd_sales`, `pst_notes`) VALUES (5, 'Petsgalore', '112 Monroe Street', 'Tallahassee', 'FL', 34343, 8508764534, 'petmon@gmail.com', 'www.petmon.com', 15434.87, 'Monroe branch');
INSERT INTO `aq14e`.`petstore` (`pst_id`, `pst_name`, `pst_street`, `pst_city`, `pst_state`, `pst_zip`, `pst_phone`, `pst_email`, `pst_url`, `pst_ytd_sales`, `pst_notes`) VALUES (6, 'Pet World', '111 Alabama Street', 'Tallahassee', 'FL', 64326, 6541237865, 'petala@gmail.com', 'www.petala.com', 32342.50, 'Alabama town');
INSERT INTO `aq14e`.`petstore` (`pst_id`, `pst_name`, `pst_street`, `pst_city`, `pst_state`, `pst_zip`, `pst_phone`, `pst_email`, `pst_url`, `pst_ytd_sales`, `pst_notes`) VALUES (7, 'Pet Station', '989 Tharpe Street', 'Tallahassee', 'FL', 65724, 5436785612, 'pettharpe@gmail.com', 'www.pett.com', 23524.00, 'Tharpe 1');
INSERT INTO `aq14e`.`petstore` (`pst_id`, `pst_name`, `pst_street`, `pst_city`, `pst_state`, `pst_zip`, `pst_phone`, `pst_email`, `pst_url`, `pst_ytd_sales`, `pst_notes`) VALUES (8, 'Pet', '342 Tharpe Street', 'Tallahassee', 'FL', 87686, 2345435634, 'pet2tharpe@gmail.com', 'www.pett2.com', 45435.00, 'Tharpe 2');
INSERT INTO `aq14e`.`petstore` (`pst_id`, `pst_name`, `pst_street`, `pst_city`, `pst_state`, `pst_zip`, `pst_phone`, `pst_email`, `pst_url`, `pst_ytd_sales`, `pst_notes`) VALUES (9, 'Pets are here', '321 Old Main Street', 'Pensacola', 'FL', 23452, 3214325423, 'petpen@gmail.com', 'www.petpen.com', 12356.50, 'Pensacola small');
INSERT INTO `aq14e`.`petstore` (`pst_id`, `pst_name`, `pst_street`, `pst_city`, `pst_state`, `pst_zip`, `pst_phone`, `pst_email`, `pst_url`, `pst_ytd_sales`, `pst_notes`) VALUES (10, 'Pet globe', '121 Main Street', 'Pensacola', 'FL', 34532, 1235422134, 'petmainpen@gmail.com', 'www.petmainpen.com', 56432.78, 'Pensacola main');

COMMIT;


-- -----------------------------------------------------
-- Data for table `aq14e`.`customer`
-- -----------------------------------------------------
START TRANSACTION;
USE `aq14e`;
INSERT INTO `aq14e`.`customer` (`cus_id`, `cus_fname`, `cus_lname`, `cus_street`, `cus_city`, `cus_state`, `cus_zip`, `cus_phone`, `cus_email`, `cus_balance`, `cus_total_sales`, `cus_notes`) VALUES (DEFAULT, 'John', 'Williams', '2010 Main Street', 'Perry', 'FL', 34322, 3124326534, 'will@gmail.com', 1000, 50, 'Low Sales');
INSERT INTO `aq14e`.`customer` (`cus_id`, `cus_fname`, `cus_lname`, `cus_street`, `cus_city`, `cus_state`, `cus_zip`, `cus_phone`, `cus_email`, `cus_balance`, `cus_total_sales`, `cus_notes`) VALUES (DEFAULT, 'Will', 'Stase', '123 Oak Street', 'Perry', 'FL', 25453, 8762334654, 'john@gmail.com', 1500.50, 60, 'Low');
INSERT INTO `aq14e`.`customer` (`cus_id`, `cus_fname`, `cus_lname`, `cus_street`, `cus_city`, `cus_state`, `cus_zip`, `cus_phone`, `cus_email`, `cus_balance`, `cus_total_sales`, `cus_notes`) VALUES (DEFAULT, 'Steve', 'Fensc', '345 Oak Street', 'Tallahassee', 'FL', 23425, 7875231324, 'TallKing@gmail.com', 2500.50, 250.50, 'Many Sales');
INSERT INTO `aq14e`.`customer` (`cus_id`, `cus_fname`, `cus_lname`, `cus_street`, `cus_city`, `cus_state`, `cus_zip`, `cus_phone`, `cus_email`, `cus_balance`, `cus_total_sales`, `cus_notes`) VALUES (DEFAULT, 'Betsy', 'Wonse', '232 Elm Street', 'Tallahassee', 'FL', 76575, 1236565241, 'Elm@gmail.com', 2576.60, 387.70, 'VIP');
INSERT INTO `aq14e`.`customer` (`cus_id`, `cus_fname`, `cus_lname`, `cus_street`, `cus_city`, `cus_state`, `cus_zip`, `cus_phone`, `cus_email`, `cus_balance`, `cus_total_sales`, `cus_notes`) VALUES (DEFAULT, 'Won', 'Ting', '125 Elm Street', 'Tallahassee', 'FL', 45234, 3453214533, 'Elm2@gmail.com', 145.57, 25.78, 'Low');
INSERT INTO `aq14e`.`customer` (`cus_id`, `cus_fname`, `cus_lname`, `cus_street`, `cus_city`, `cus_state`, `cus_zip`, `cus_phone`, `cus_email`, `cus_balance`, `cus_total_sales`, `cus_notes`) VALUES (DEFAULT, 'Cleve', 'Land', '109 Will Street', 'Tallahassee', 'FL', 43463, 6543456543, 'WillWay@gmail.com', 367.70, 10.09, 'Low');
INSERT INTO `aq14e`.`customer` (`cus_id`, `cus_fname`, `cus_lname`, `cus_street`, `cus_city`, `cus_state`, `cus_zip`, `cus_phone`, `cus_email`, `cus_balance`, `cus_total_sales`, `cus_notes`) VALUES (DEFAULT, 'Clint', 'Moe', '434 War Way', 'Perry', 'FL', 23413, 4356542354, 'Mano@gmail.com', 6789.70, 567.80, 'VIP');
INSERT INTO `aq14e`.`customer` (`cus_id`, `cus_fname`, `cus_lname`, `cus_street`, `cus_city`, `cus_state`, `cus_zip`, `cus_phone`, `cus_email`, `cus_balance`, `cus_total_sales`, `cus_notes`) VALUES (DEFAULT, 'Chris', 'Wilas', '445 Man o war Trail', 'Miami', 'FL', 54732, 4562348767, 'Miam@gmail.com', 332.70, 245.67, 'VIP');
INSERT INTO `aq14e`.`customer` (`cus_id`, `cus_fname`, `cus_lname`, `cus_street`, `cus_city`, `cus_state`, `cus_zip`, `cus_phone`, `cus_email`, `cus_balance`, `cus_total_sales`, `cus_notes`) VALUES (DEFAULT, 'Jess', 'Jones', '232 Antietam Road', 'Miami', 'FL', 65853, 3412346545, 'Ant@gmail.com', 5674.70, 1456.76, 'Great Customer');
INSERT INTO `aq14e`.`customer` (`cus_id`, `cus_fname`, `cus_lname`, `cus_street`, `cus_city`, `cus_state`, `cus_zip`, `cus_phone`, `cus_email`, `cus_balance`, `cus_total_sales`, `cus_notes`) VALUES (DEFAULT, 'Winchester', 'Creed', '256 Elm Street', 'Miami', 'FL', 23411, 6578543465, 'Mia@gmail.com', 3213.00, 243.65, 'Great');
INSERT INTO `aq14e`.`customer` (`cus_id`, `cus_fname`, `cus_lname`, `cus_street`, `cus_city`, `cus_state`, `cus_zip`, `cus_phone`, `cus_email`, `cus_balance`, `cus_total_sales`, `cus_notes`) VALUES (DEFAULT, DEFAULT, DEFAULT, DEFAULT, DEFAULT, DEFAULT, DEFAULT, DEFAULT, DEFAULT, DEFAULT, DEFAULT, NULL);

COMMIT;


-- -----------------------------------------------------
-- Data for table `aq14e`.`pet`
-- -----------------------------------------------------
START TRANSACTION;
USE `aq14e`;
INSERT INTO `aq14e`.`pet` (`pet_id`, `pst_id`, `cus_id`, `pet_type`, `pet_sex`, `pet_cost`, `pet_price`, `pet_age`, `pet_color`, `pet_sale_date`, `pet_vaccine`, `pet_neuter`, `pet_notes`) VALUES (DEFAULT, 1, 1, 'Dog', 'm', 15.50, 20, 2, 'White', NULL, 'y', 'y', 'Beagle');
INSERT INTO `aq14e`.`pet` (`pet_id`, `pst_id`, `cus_id`, `pet_type`, `pet_sex`, `pet_cost`, `pet_price`, `pet_age`, `pet_color`, `pet_sale_date`, `pet_vaccine`, `pet_neuter`, `pet_notes`) VALUES (DEFAULT, 2, 2, 'Dog', 'm', 10.50, 30, 5, 'Brown', '12-23-2003', 'y', 'y', 'Lab');
INSERT INTO `aq14e`.`pet` (`pet_id`, `pst_id`, `cus_id`, `pet_type`, `pet_sex`, `pet_cost`, `pet_price`, `pet_age`, `pet_color`, `pet_sale_date`, `pet_vaccine`, `pet_neuter`, `pet_notes`) VALUES (DEFAULT, 3, 3, 'Cat', 'm', 25.00, 40, 7, 'Brown', NULL, 'y', 'y', 'Siamese');
INSERT INTO `aq14e`.`pet` (`pet_id`, `pst_id`, `cus_id`, `pet_type`, `pet_sex`, `pet_cost`, `pet_price`, `pet_age`, `pet_color`, `pet_sale_date`, `pet_vaccine`, `pet_neuter`, `pet_notes`) VALUES (DEFAULT, 4, 4, 'Cat', 'f', 25.50, 50, 1, 'White', '11-21-1999', 'n', 'y', 'Housecat');
INSERT INTO `aq14e`.`pet` (`pet_id`, `pst_id`, `cus_id`, `pet_type`, `pet_sex`, `pet_cost`, `pet_price`, `pet_age`, `pet_color`, `pet_sale_date`, `pet_vaccine`, `pet_neuter`, `pet_notes`) VALUES (DEFAULT, 5, 5, 'Cat', 'f', 15.00, 30.50, 4, 'Black', NULL, 'n', 'y', NULL);
INSERT INTO `aq14e`.`pet` (`pet_id`, `pst_id`, `cus_id`, `pet_type`, `pet_sex`, `pet_cost`, `pet_price`, `pet_age`, `pet_color`, `pet_sale_date`, `pet_vaccine`, `pet_neuter`, `pet_notes`) VALUES (DEFAULT, 6, 6, 'Dog', 'm', 15.50, 20.99, 3, 'Gold', '09-25-2010', 'y', 'y', NULL);
INSERT INTO `aq14e`.`pet` (`pet_id`, `pst_id`, `cus_id`, `pet_type`, `pet_sex`, `pet_cost`, `pet_price`, `pet_age`, `pet_color`, `pet_sale_date`, `pet_vaccine`, `pet_neuter`, `pet_notes`) VALUES (DEFAULT, 7, 7, 'Lizard', 'f', 13.50, 20.99, 7, 'Green', '10-24-2009', 'y', 'y', 'Iguana');
INSERT INTO `aq14e`.`pet` (`pet_id`, `pst_id`, `cus_id`, `pet_type`, `pet_sex`, `pet_cost`, `pet_price`, `pet_age`, `pet_color`, `pet_sale_date`, `pet_vaccine`, `pet_neuter`, `pet_notes`) VALUES (DEFAULT, 8, 8, 'Lizard', 'f', 12.50, 25.99, 8, 'Brown', NULL, 'y', 'y', 'Harmless');
INSERT INTO `aq14e`.`pet` (`pet_id`, `pst_id`, `cus_id`, `pet_type`, `pet_sex`, `pet_cost`, `pet_price`, `pet_age`, `pet_color`, `pet_sale_date`, `pet_vaccine`, `pet_neuter`, `pet_notes`) VALUES (DEFAULT, 9, 9, 'Rabbit', 'm', 14.36, 24.60, 3, 'White', '02-10-2006', 'n', 'y', 'Fast');
INSERT INTO `aq14e`.`pet` (`pet_id`, `pst_id`, `cus_id`, `pet_type`, `pet_sex`, `pet_cost`, `pet_price`, `pet_age`, `pet_color`, `pet_sale_date`, `pet_vaccine`, `pet_neuter`, `pet_notes`) VALUES (DEFAULT, 10, 10, 'Rabbit', 'm', 10.50, 15.00, 4, 'White', NULL, 'y', 'n', 'Fast');

COMMIT;

